"Id","Success","Created","Error"
"0010I00001zz2BnQAI","true","true",""
"0010I00001zz2BoQAI","true","true",""
"0010I00001zz2BpQAI","true","true",""
"0010I00001zz2BqQAI","true","true",""
"0010I00001zz2BrQAI","true","true",""
"0010I00001zz2BsQAI","true","true",""
"0010I00001zz2BtQAI","true","true",""
"0010I00001zz2BuQAI","true","true",""
"0010I00001zz2BvQAI","true","true",""
"0010I00001zz2BwQAI","true","true",""
"0010I00001zz2BxQAI","true","true",""
"0010I00001zz2ByQAI","true","true",""
"0010I00001zz2BzQAI","true","true",""
"0010I00001zz2C0QAI","true","true",""
"0010I00001zz2C1QAI","true","true",""
"0010I00001zz2C2QAI","true","true",""
"0010I00001zz2C3QAI","true","true",""
"0010I00001zz2C4QAI","true","true",""
"0010I00001zz2C5QAI","true","true",""
"0010I00001zz2C6QAI","true","true",""
"0010I00001zz2C7QAI","true","true",""
"0010I00001zz2C8QAI","true","true",""
"0010I00001zz2C9QAI","true","true",""
"0010I00001zz2CAQAY","true","true",""
"0010I00001zz2CBQAY","true","true",""
"0010I00001zz2CCQAY","true","true",""
"0010I00001zz2CDQAY","true","true",""
"0010I00001zz2CEQAY","true","true",""
"0010I00001zz2CFQAY","true","true",""
"0010I00001zz2CGQAY","true","true",""
"0010I00001zz2CHQAY","true","true",""
"0010I00001zz2CIQAY","true","true",""
"0010I00001zz2CJQAY","true","true",""
"0010I00001zz2CKQAY","true","true",""
"0010I00001zz2CLQAY","true","true",""
"0010I00001zz2CMQAY","true","true",""
"0010I00001zz2CNQAY","true","true",""
"0010I00001zz2COQAY","true","true",""
"0010I00001zz2CPQAY","true","true",""
"0010I00001zz2CQQAY","true","true",""
"0010I00001zz2CRQAY","true","true",""
"0010I00001zz2CSQAY","true","true",""
"0010I00001zz2CTQAY","true","true",""
"0010I00001zz2CUQAY","true","true",""
"0010I00001zz2CVQAY","true","true",""
"0010I00001zz2CWQAY","true","true",""
"0010I00001zz2CXQAY","true","true",""
"0010I00001zz2CYQAY","true","true",""
"0010I00001zz2CZQAY","true","true",""
"0010I00001zz2CaQAI","true","true",""
"0010I00001zz2CbQAI","true","true",""
"0010I00001zz2CcQAI","true","true",""
"0010I00001zz2CdQAI","true","true",""
"0010I00001zz2CeQAI","true","true",""
"0010I00001zz2CfQAI","true","true",""
"0010I00001zz2CgQAI","true","true",""
"0010I00001zz2ChQAI","true","true",""
"0010I00001zz2CiQAI","true","true",""
"0010I00001zz2CjQAI","true","true",""
"0010I00001zz2CkQAI","true","true",""
"0010I00001zz2ClQAI","true","true",""
"0010I00001zz2CmQAI","true","true",""
"0010I00001zz2CnQAI","true","true",""
"0010I00001zz2CoQAI","true","true",""
"0010I00001zz2CpQAI","true","true",""
"0010I00001zz2CqQAI","true","true",""
"0010I00001zz2CrQAI","true","true",""
"0010I00001zz2CsQAI","true","true",""
"0010I00001zz2CtQAI","true","true",""
"0010I00001zz2CuQAI","true","true",""
"0010I00001zz2CvQAI","true","true",""
"0010I00001zz2CwQAI","true","true",""
"0010I00001zz2CxQAI","true","true",""
"0010I00001zz2CyQAI","true","true",""
"0010I00001zz2CzQAI","true","true",""
"0010I00001zz2D0QAI","true","true",""
"0010I00001zz2D1QAI","true","true",""
"0010I00001zz2D2QAI","true","true",""
"0010I00001zz2D3QAI","true","true",""
"0010I00001zz2D4QAI","true","true",""
"0010I00001zz2D5QAI","true","true",""
"0010I00001zz2D6QAI","true","true",""
"0010I00001zz2D7QAI","true","true",""
"0010I00001zz2D8QAI","true","true",""
"0010I00001zz2D9QAI","true","true",""
"0010I00001zz2DAQAY","true","true",""
"0010I00001zz2DBQAY","true","true",""
"0010I00001zz2DCQAY","true","true",""
"0010I00001zz2DDQAY","true","true",""
"0010I00001zz2DEQAY","true","true",""
"0010I00001zz2DFQAY","true","true",""
"0010I00001zz2DGQAY","true","true",""
"0010I00001zz2DHQAY","true","true",""
"0010I00001zz2DIQAY","true","true",""
"0010I00001zz2DJQAY","true","true",""
"0010I00001zz2DKQAY","true","true",""
"0010I00001zz2DLQAY","true","true",""
"0010I00001zz2DMQAY","true","true",""
"0010I00001zz2DNQAY","true","true",""
"0010I00001zz2DOQAY","true","true",""
"0010I00001zz2DPQAY","true","true",""
"0010I00001zz2DQQAY","true","true",""
"0010I00001zz2DRQAY","true","true",""
"0010I00001zz2DSQAY","true","true",""
"0010I00001zz2DTQAY","true","true",""
"0010I00001zz2DUQAY","true","true",""
"0010I00001zz2DVQAY","true","true",""
"0010I00001zz2DWQAY","true","true",""
"0010I00001zz2DXQAY","true","true",""
"0010I00001zz2DYQAY","true","true",""
"0010I00001zz2DZQAY","true","true",""
"0010I00001zz2DaQAI","true","true",""
"0010I00001zz2DbQAI","true","true",""
"0010I00001zz2DcQAI","true","true",""
"0010I00001zz2DdQAI","true","true",""
"0010I00001zz2DeQAI","true","true",""
"0010I00001zz2DfQAI","true","true",""
"0010I00001zz2DgQAI","true","true",""
"0010I00001zz2DhQAI","true","true",""
"0010I00001zz2DiQAI","true","true",""
"0010I00001zz2DjQAI","true","true",""
"0010I00001zz2DkQAI","true","true",""
"0010I00001zz2DlQAI","true","true",""
"0010I00001zz2DmQAI","true","true",""
"0010I00001zz2DnQAI","true","true",""
"0010I00001zz2DoQAI","true","true",""
"0010I00001zz2DpQAI","true","true",""
"0010I00001zz2DqQAI","true","true",""
"0010I00001zz2DrQAI","true","true",""
"0010I00001zz2DsQAI","true","true",""
"0010I00001zz2DtQAI","true","true",""
"0010I00001zz2DuQAI","true","true",""
"0010I00001zz2DvQAI","true","true",""
"0010I00001zz2DwQAI","true","true",""
"0010I00001zz2DxQAI","true","true",""
"0010I00001zz2DyQAI","true","true",""
"0010I00001zz2DzQAI","true","true",""
"0010I00001zz2E0QAI","true","true",""
"0010I00001zz2E1QAI","true","true",""
"0010I00001zz2E2QAI","true","true",""
"0010I00001zz2E3QAI","true","true",""
"0010I00001zz2E4QAI","true","true",""
"0010I00001zz2E5QAI","true","true",""
"0010I00001zz2E6QAI","true","true",""
"0010I00001zz2E7QAI","true","true",""
"0010I00001zz2E8QAI","true","true",""
"0010I00001zz2E9QAI","true","true",""
"0010I00001zz2EAQAY","true","true",""
"0010I00001zz2EBQAY","true","true",""
"0010I00001zz2ECQAY","true","true",""
"0010I00001zz2EDQAY","true","true",""
"0010I00001zz2EEQAY","true","true",""
"0010I00001zz2EFQAY","true","true",""
"0010I00001zz2EGQAY","true","true",""
"0010I00001zz2EHQAY","true","true",""
"0010I00001zz2EIQAY","true","true",""
"0010I00001zz2EJQAY","true","true",""
"0010I00001zz2EKQAY","true","true",""
"0010I00001zz2ELQAY","true","true",""
"0010I00001zz2EMQAY","true","true",""
"0010I00001zz2ENQAY","true","true",""
"0010I00001zz2EOQAY","true","true",""
"0010I00001zz2EPQAY","true","true",""
"0010I00001zz2EQQAY","true","true",""
"0010I00001zz2ERQAY","true","true",""
"0010I00001zz2ESQAY","true","true",""
"0010I00001zz2ETQAY","true","true",""
"0010I00001zz2EUQAY","true","true",""
"0010I00001zz2EVQAY","true","true",""
"0010I00001zz2EWQAY","true","true",""
"0010I00001zz2EXQAY","true","true",""
"0010I00001zz2EYQAY","true","true",""
"0010I00001zz2EZQAY","true","true",""
"0010I00001zz2EaQAI","true","true",""
"0010I00001zz2EbQAI","true","true",""
"0010I00001zz2EcQAI","true","true",""
"0010I00001zz2EdQAI","true","true",""
"0010I00001zz2EeQAI","true","true",""
"0010I00001zz2EfQAI","true","true",""
"0010I00001zz2EgQAI","true","true",""
"0010I00001zz2EhQAI","true","true",""
"0010I00001zz2EiQAI","true","true",""
"0010I00001zz2EjQAI","true","true",""
"0010I00001zz2EkQAI","true","true",""
"0010I00001zz2ElQAI","true","true",""
"0010I00001zz2EmQAI","true","true",""
"0010I00001zz2EnQAI","true","true",""
"0010I00001zz2EoQAI","true","true",""
"0010I00001zz2EpQAI","true","true",""
"0010I00001zz2EqQAI","true","true",""
"0010I00001zz2ErQAI","true","true",""
"0010I00001zz2EsQAI","true","true",""
"0010I00001zz2EtQAI","true","true",""
"0010I00001zz2EuQAI","true","true",""
"0010I00001zz2EvQAI","true","true",""
"0010I00001zz2EwQAI","true","true",""
"0010I00001zz2ExQAI","true","true",""
"0010I00001zz2EyQAI","true","true",""
"0010I00001zz2EzQAI","true","true",""
"0010I00001zz2F0QAI","true","true",""
"0010I00001zz2F1QAI","true","true",""
"0010I00001zz2F2QAI","true","true",""
"0010I00001zz2F3QAI","true","true",""
"0010I00001zz2F4QAI","true","true",""
"0010I00001zz2F5QAI","true","true",""
"0010I00001zz2F6QAI","true","true",""
"0010I00001zz2F7QAI","true","true",""
"0010I00001zz2F8QAI","true","true",""
"0010I00001zz2F9QAI","true","true",""
"0010I00001zz2FAQAY","true","true",""
"0010I00001zz2FBQAY","true","true",""
"0010I00001zz2FCQAY","true","true",""
"0010I00001zz2FDQAY","true","true",""
"0010I00001zz2FEQAY","true","true",""
"0010I00001zz2FFQAY","true","true",""
"0010I00001zz2FGQAY","true","true",""
"0010I00001zz2FHQAY","true","true",""
"0010I00001zz2FIQAY","true","true",""
"0010I00001zz2FJQAY","true","true",""
"0010I00001zz2FKQAY","true","true",""
"0010I00001zz2FLQAY","true","true",""
"0010I00001zz2FMQAY","true","true",""
"0010I00001zz2FNQAY","true","true",""
"0010I00001zz2FOQAY","true","true",""
"0010I00001zz2FPQAY","true","true",""
"0010I00001zz2FQQAY","true","true",""
"0010I00001zz2FRQAY","true","true",""
"0010I00001zz2FSQAY","true","true",""
"0010I00001zz2FTQAY","true","true",""
"0010I00001zz2FUQAY","true","true",""
"0010I00001zz2FVQAY","true","true",""
"0010I00001zz2FWQAY","true","true",""
"0010I00001zz2FXQAY","true","true",""
"0010I00001zz2FYQAY","true","true",""
"0010I00001zz2FZQAY","true","true",""
"0010I00001zz2FaQAI","true","true",""
"0010I00001zz2FbQAI","true","true",""
"0010I00001zz2FcQAI","true","true",""
"0010I00001zz2FdQAI","true","true",""
"0010I00001zz2FeQAI","true","true",""
"0010I00001zz2FfQAI","true","true",""
"0010I00001zz2FgQAI","true","true",""
"0010I00001zz2FhQAI","true","true",""
"0010I00001zz2FiQAI","true","true",""
"0010I00001zz2FjQAI","true","true",""
"0010I00001zz2FkQAI","true","true",""
"0010I00001zz2FlQAI","true","true",""
"0010I00001zz2FmQAI","true","true",""
"0010I00001zz2FnQAI","true","true",""
"0010I00001zz2FoQAI","true","true",""
"0010I00001zz2FpQAI","true","true",""
"0010I00001zz2FqQAI","true","true",""
"0010I00001zz2FrQAI","true","true",""
"0010I00001zz2FsQAI","true","true",""
"0010I00001zz2FtQAI","true","true",""
"0010I00001zz2FuQAI","true","true",""
"0010I00001zz2FvQAI","true","true",""
"0010I00001zz2FwQAI","true","true",""
"0010I00001zz2FxQAI","true","true",""
"0010I00001zz2FyQAI","true","true",""
"0010I00001zz2FzQAI","true","true",""
"0010I00001zz2G0QAI","true","true",""
"0010I00001zz2G1QAI","true","true",""
"0010I00001zz2G2QAI","true","true",""
"0010I00001zz2G3QAI","true","true",""
"0010I00001zz2G4QAI","true","true",""
"0010I00001zz2G5QAI","true","true",""
"0010I00001zz2G6QAI","true","true",""
"0010I00001zz2G7QAI","true","true",""
"0010I00001zz2G8QAI","true","true",""
"0010I00001zz2G9QAI","true","true",""
"0010I00001zz2GAQAY","true","true",""
"0010I00001zz2GBQAY","true","true",""
"0010I00001zz2GCQAY","true","true",""
"0010I00001zz2GDQAY","true","true",""
"0010I00001zz2GEQAY","true","true",""
"0010I00001zz2GFQAY","true","true",""
"0010I00001zz2GGQAY","true","true",""
"0010I00001zz2GHQAY","true","true",""
"0010I00001zz2GIQAY","true","true",""
"0010I00001zz2GJQAY","true","true",""
"0010I00001zz2GKQAY","true","true",""
"0010I00001zz2GLQAY","true","true",""
"0010I00001zz2GMQAY","true","true",""
"0010I00001zz2GNQAY","true","true",""
"0010I00001zz2GOQAY","true","true",""
"0010I00001zz2GPQAY","true","true",""
"0010I00001zz2GQQAY","true","true",""
"0010I00001zz2GRQAY","true","true",""
"0010I00001zz2GSQAY","true","true",""
"0010I00001zz2GTQAY","true","true",""
"0010I00001zz2GUQAY","true","true",""
"0010I00001zz2GVQAY","true","true",""
"0010I00001zz2GWQAY","true","true",""
"0010I00001zz2GXQAY","true","true",""
"0010I00001zz2GYQAY","true","true",""
"0010I00001zz2GZQAY","true","true",""
"0010I00001zz2GaQAI","true","true",""
"0010I00001zz2GbQAI","true","true",""
"0010I00001zz2GcQAI","true","true",""
"0010I00001zz2GdQAI","true","true",""
"0010I00001zz2GeQAI","true","true",""
"0010I00001zz2GfQAI","true","true",""
"0010I00001zz2GgQAI","true","true",""
"0010I00001zz2GhQAI","true","true",""
"0010I00001zz2GiQAI","true","true",""
"0010I00001zz2GjQAI","true","true",""
"0010I00001zz2GkQAI","true","true",""
"0010I00001zz2GlQAI","true","true",""
"0010I00001zz2GmQAI","true","true",""
"0010I00001zz2GnQAI","true","true",""
"0010I00001zz2GoQAI","true","true",""
"0010I00001zz2GpQAI","true","true",""
"0010I00001zz2GqQAI","true","true",""
"0010I00001zz2GrQAI","true","true",""
"0010I00001zz2GsQAI","true","true",""
"0010I00001zz2GtQAI","true","true",""
"0010I00001zz2GuQAI","true","true",""
"0010I00001zz2GvQAI","true","true",""
"0010I00001zz2GwQAI","true","true",""
"0010I00001zz2GxQAI","true","true",""
"0010I00001zz2GyQAI","true","true",""
"0010I00001zz2GzQAI","true","true",""
"0010I00001zz2H0QAI","true","true",""
"0010I00001zz2H1QAI","true","true",""
"0010I00001zz2H2QAI","true","true",""
"0010I00001zz2H3QAI","true","true",""
"0010I00001zz2H4QAI","true","true",""
"0010I00001zz2H5QAI","true","true",""
"0010I00001zz2H6QAI","true","true",""
"0010I00001zz2H7QAI","true","true",""
"0010I00001zz2H8QAI","true","true",""
"0010I00001zz2H9QAI","true","true",""
"0010I00001zz2HAQAY","true","true",""
"0010I00001zz2HBQAY","true","true",""
"0010I00001zz2HCQAY","true","true",""
"0010I00001zz2HDQAY","true","true",""
"0010I00001zz2HEQAY","true","true",""
"0010I00001zz2HFQAY","true","true",""
"0010I00001zz2HGQAY","true","true",""
"0010I00001zz2HHQAY","true","true",""
"0010I00001zz2HIQAY","true","true",""
"0010I00001zz2HJQAY","true","true",""
"0010I00001zz2HKQAY","true","true",""
"0010I00001zz2HLQAY","true","true",""
"0010I00001zz2HMQAY","true","true",""
"0010I00001zz2HNQAY","true","true",""
"0010I00001zz2HOQAY","true","true",""
"0010I00001zz2HPQAY","true","true",""
"0010I00001zz2HQQAY","true","true",""
"0010I00001zz2HRQAY","true","true",""
"0010I00001zz2HSQAY","true","true",""
"0010I00001zz2HTQAY","true","true",""
"0010I00001zz2HUQAY","true","true",""
"0010I00001zz2HVQAY","true","true",""
"0010I00001zz2HWQAY","true","true",""
"0010I00001zz2HXQAY","true","true",""
"0010I00001zz2HYQAY","true","true",""
"0010I00001zz2HZQAY","true","true",""
"0010I00001zz2HaQAI","true","true",""
"0010I00001zz2HbQAI","true","true",""
"0010I00001zz2HcQAI","true","true",""
"0010I00001zz2HdQAI","true","true",""
"0010I00001zz2HeQAI","true","true",""
"0010I00001zz2HfQAI","true","true",""
"0010I00001zz2HgQAI","true","true",""
"0010I00001zz2HhQAI","true","true",""
"0010I00001zz2HiQAI","true","true",""
"0010I00001zz2HjQAI","true","true",""
"0010I00001zz2HkQAI","true","true",""
"0010I00001zz2HlQAI","true","true",""
"0010I00001zz2HmQAI","true","true",""
"0010I00001zz2HnQAI","true","true",""
"0010I00001zz2HoQAI","true","true",""
"0010I00001zz2HpQAI","true","true",""
"0010I00001zz2HqQAI","true","true",""
"0010I00001zz2HrQAI","true","true",""
"0010I00001zz2HsQAI","true","true",""
"0010I00001zz2HtQAI","true","true",""
"0010I00001zz2HuQAI","true","true",""
"0010I00001zz2HvQAI","true","true",""
"0010I00001zz2HwQAI","true","true",""
"0010I00001zz2HxQAI","true","true",""
"0010I00001zz2HyQAI","true","true",""
"0010I00001zz2HzQAI","true","true",""
"0010I00001zz2I0QAI","true","true",""
"0010I00001zz2I1QAI","true","true",""
"0010I00001zz2I2QAI","true","true",""
"0010I00001zz2I3QAI","true","true",""
"0010I00001zz2I4QAI","true","true",""
"0010I00001zz2I5QAI","true","true",""
"0010I00001zz2I6QAI","true","true",""
"0010I00001zz2I7QAI","true","true",""
"0010I00001zz2I8QAI","true","true",""
"0010I00001zz2I9QAI","true","true",""
"0010I00001zz2IAQAY","true","true",""
"0010I00001zz2IBQAY","true","true",""
"0010I00001zz2ICQAY","true","true",""
"0010I00001zz2IDQAY","true","true",""
"0010I00001zz2IEQAY","true","true",""
"0010I00001zz2IFQAY","true","true",""
"0010I00001zz2IGQAY","true","true",""
"0010I00001zz2IHQAY","true","true",""
"0010I00001zz2IIQAY","true","true",""
"0010I00001zz2IJQAY","true","true",""
"0010I00001zz2IKQAY","true","true",""
"0010I00001zz2ILQAY","true","true",""
"0010I00001zz2IMQAY","true","true",""
"0010I00001zz2INQAY","true","true",""
"0010I00001zz2IOQAY","true","true",""
"0010I00001zz2IPQAY","true","true",""
"0010I00001zz2IQQAY","true","true",""
"0010I00001zz2IRQAY","true","true",""
"0010I00001zz2ISQAY","true","true",""
"0010I00001zz2ITQAY","true","true",""
"0010I00001zz2IUQAY","true","true",""
"0010I00001zz2IVQAY","true","true",""
"0010I00001zz2IWQAY","true","true",""
"0010I00001zz2IXQAY","true","true",""
"0010I00001zz2IYQAY","true","true",""
"0010I00001zz2IZQAY","true","true",""
"0010I00001zz2IaQAI","true","true",""
"0010I00001zz2IbQAI","true","true",""
"0010I00001zz2IcQAI","true","true",""
"0010I00001zz2IdQAI","true","true",""
"0010I00001zz2IeQAI","true","true",""
"0010I00001zz2IfQAI","true","true",""
"0010I00001zz2IgQAI","true","true",""
"0010I00001zz2IhQAI","true","true",""
"0010I00001zz2IiQAI","true","true",""
"0010I00001zz2IjQAI","true","true",""
"0010I00001zz2IkQAI","true","true",""
"0010I00001zz2IlQAI","true","true",""
"0010I00001zz2ImQAI","true","true",""
"0010I00001zz2InQAI","true","true",""
"0010I00001zz2IoQAI","true","true",""
"0010I00001zz2IpQAI","true","true",""
"0010I00001zz2IqQAI","true","true",""
"0010I00001zz2IrQAI","true","true",""
"0010I00001zz2IsQAI","true","true",""
"0010I00001zz2ItQAI","true","true",""
"0010I00001zz2IuQAI","true","true",""
"0010I00001zz2IvQAI","true","true",""
"0010I00001zz2IwQAI","true","true",""
"0010I00001zz2IxQAI","true","true",""
"0010I00001zz2IyQAI","true","true",""
"0010I00001zz2IzQAI","true","true",""
"0010I00001zz2J0QAI","true","true",""
"0010I00001zz2J1QAI","true","true",""
"0010I00001zz2J2QAI","true","true",""
"0010I00001zz2J3QAI","true","true",""
"0010I00001zz2J4QAI","true","true",""
"0010I00001zz2J5QAI","true","true",""
"0010I00001zz2J6QAI","true","true",""
"0010I00001zz2J7QAI","true","true",""
"0010I00001zz2J8QAI","true","true",""
"0010I00001zz2J9QAI","true","true",""
"0010I00001zz2JAQAY","true","true",""
"0010I00001zz2JBQAY","true","true",""
"0010I00001zz2JCQAY","true","true",""
"0010I00001zz2JDQAY","true","true",""
"0010I00001zz2JEQAY","true","true",""
"0010I00001zz2JFQAY","true","true",""
"0010I00001zz2JGQAY","true","true",""
"0010I00001zz2JHQAY","true","true",""
"0010I00001zz2JIQAY","true","true",""
"0010I00001zz2JJQAY","true","true",""
"0010I00001zz2JKQAY","true","true",""
"0010I00001zz2JLQAY","true","true",""
"0010I00001zz2JMQAY","true","true",""
"0010I00001zz2JNQAY","true","true",""
"0010I00001zz2JOQAY","true","true",""
"0010I00001zz2JPQAY","true","true",""
"0010I00001zz2JQQAY","true","true",""
"0010I00001zz2JRQAY","true","true",""
"0010I00001zz2JSQAY","true","true",""
"0010I00001zz2JTQAY","true","true",""
"0010I00001zz2JUQAY","true","true",""
"0010I00001zz2JVQAY","true","true",""
"0010I00001zz2JWQAY","true","true",""
"0010I00001zz2JXQAY","true","true",""
"0010I00001zz2JYQAY","true","true",""
"0010I00001zz2JZQAY","true","true",""
"0010I00001zz2JaQAI","true","true",""
"0010I00001zz2JbQAI","true","true",""
"0010I00001zz2JcQAI","true","true",""
"0010I00001zz2JdQAI","true","true",""
"0010I00001zz2JeQAI","true","true",""
"0010I00001zz2JfQAI","true","true",""
"0010I00001zz2JgQAI","true","true",""
"0010I00001zz2JhQAI","true","true",""
"0010I00001zz2JiQAI","true","true",""
"0010I00001zz2JjQAI","true","true",""
"0010I00001zz2JkQAI","true","true",""
"0010I00001zz2JlQAI","true","true",""
"0010I00001zz2JmQAI","true","true",""
"0010I00001zz2JnQAI","true","true",""
"0010I00001zz2JoQAI","true","true",""
"0010I00001zz2JpQAI","true","true",""
"0010I00001zz2JqQAI","true","true",""

